id,product_fa,product_en,difficulty,question,option_A,option_B,option_C,option_D,correct_answer,explanation
1,آیس بال (Ice Ball),ICE BALL,ساده,حجم هر یک از مدل‌های آیس بال چقدر است و کاربرد اصلی آن بر چه پایه‌ای است؟,۷۵ میلی‌لیتر - ماساژ گرمایشی,۲۱۲ میلی‌لیتر - ترکیبی از ژل تخصصی و ماساژ سرد کنترل‌شده,۱۱۰ میلی‌لیتر - روغن‌پاشی بدن,۵۰ میلی‌لیتر - لایه‌برداری شیمیایی,B,بر اساس راهنما، آیس بال در حجم ۲۱۲ میلی‌لیتر و بر پایه ترکیب ژل تخصصی و ماساژ سرد طراحی شده است.
2,آیس بال (Ice Ball),ICE BALL,ساده,سه مدل تخصصی آیس بال (رنگ‌های آبی، صورتی و سبز) به ترتیب بر چه اهدافی تمرکز دارند؟,آبی: لیفت / صورتی: آنتی‌اکسیدان / سبز: آبرسانی,آبی: آبرسانی / صورتی: کلاژن و لیفت / سبز: ماچا، آنتی‌اکسیدان و آرامش,آبی: کنترل چربی / صورتی: لایه‌برداری / سبز: ترمیم ترک,آبی: ضدلک / صورتی: ضدجوش / سبز: گرم‌کنندگی,B,مدل آبی (هیالورونیک اسید) برای آبرسانی، صورتی (کلاژن) برای لیفت و استحکام، و سبز (ماچا) برای آرامش و آنتی‌اکسیدان است.
3,آیس بال (Ice Ball),ICE BALL,متوسط,مدت زمان پیشنهادی اولیه برای ماساژ آیس بال روی پوست چقدر است و نحوه حرکت گوی باید چگونه باشد؟,۱۰ دقیقه ثابت روی یک نقطه بدون حرکت,۱ تا ۲ دقیقه با حرکات پیوسته و رو به بالا (بدون نگه داشتن روی یک نقطه ثابت),۱۵ دقیقه حرکات دورانی شدید روی چشم,۳۰ ثانیه فشار محکم بر روی پوست زخمی,B,راهنما تاکید می‌کند ماساژ اولیه ۱ تا ۲ دقیقه با حرکات پیوسته و رو به بالا باشد و از نگه داشتن ثابت گوی پرهیز شود.
4,آیس بال (Ice Ball),ICE BALL,متوسط,بهترین زمان‌های مصرف آیس بال در روتین پوستی طبق مستند فروش کدام است؟,فقط نیمه‌شب هنگام خواب,صبح‌ها برای کاهش پف، قبل از آرایش برای آماده‌سازی، و بعد از ورزش یا روتین شب,صرفاً بلافاصله بعد از پیلینگ و لیزر,فقط هنگام جراحت و زخم فعال,B,مستند، استفاده در صبح، قبل از آرایش، بعد از ورزش و در روتین شب را زمان‌های طلایی معرفی می‌کند.
5,آیس بال (Ice Ball),ICE BALL,متوسط,در پاسخ به اعتراض مشتری درباره «تفاوت آیس بال با یخ معمولی»، فروشنده باید به چه نکاتی اشاره کند؟,تفاوت خاصی ندارد و صرفاً رنگین است.,قالب ارگونومیک و ژل تخصصی حاوی اکتیو، تماس را کنترل‌شده‌تر و تجربه را کامل‌تر می‌کند.,آیس بال نیازی به فریزر ندارد.,آیس بال جایگزین دائمی تمام کرم‌های مرطوب‌کننده است.,B,طراحی ارگونومیک جهت جلوگیری از سوختگی سرمایی و ژل تخصصی حاوی مواد موثره نقاط تمایز اصلی هستند.
6,آیس بال (Ice Ball),ICE BALL,سخت و فنی,کدام یک از ممانعت‌های مصرفی زیر در مورد آیس بال دقیقاً مطابق با هشدارهای صریح راهنما است؟,استفاده بلافاصله پس از پیلینگ مجاز است.,عدم استفاده طی ۲۴ تا ۴۸ ساعت نخست بعد از لیزر یا پیلینگ (یا تا زمان تایید متخصص),ثابت نگه داشتن گوی روی دور چشم به مدت ۵ دقیقه برای رفع تیرگی,استفاده روی زخم‌های باز و التهابات شدید پوستی,B,در راهنما صراحتاً منع مصرف طی ۲۴ تا ۴۸ ساعت اولیه پس از لیزر و پیلینگ ذکر شده است.
7,آیس بال (Ice Ball),ICE BALL,سخت و فنی,ترکیبات جانبی موجود در آیس بال صورتی (کلاژن) شامل کدام موارد برای تامین لغزندگی و رطوبت هستند؟,اوره و جوش شیرین,گلیسیرین، آلانتوئین، پروپیلن گلیکول و آلوئه‌ورا,روغن آرگان و رز,نیاسینامید و آلفا آربوتین,B,بر اساس راهنما، کلاژن هیدرولیزشده در کنار گلیسیرین، آلانتوئین، پروپیلن گلیکول و آلوئه‌ورا رطوبت و لغزندگی ماساژ را فراهم می‌کند.
8,آیس بال (Ice Ball),ICE BALL,سخت و فنی,مکانیسم عمل آیس بال سبز (ماچا) در مواجهه با پوست‌های حساس و تحت استرس محیطی چیست؟,افزایش دمای موضعی برای باز کردن منافذ,تامین منبع غنی آنتی‌اکسیدانی جهت مقابله با کدری و کاهش ظاهر قرمزی در کنار مرطوب‌کننده‌ها,لایه‌برداری عمیق اسیدی,تجزیه چربی‌های زیرپوستی,B,ماچا منبع غنی آنتی‌اکسیدان است که به همراه ترکیبات آرام‌بخش با استرس محیطی و کدری پوست مقابله می‌کند.
9,آیس بال (Ice Ball),ICE BALL,سخت و فنی,دمای نگهداری محلول باقی‌مانده آیس بال پیش از انجماد و شرایط محیطی آن چگونه باید باشد؟,زیر صفر درجه در فریزر به صورت دائم,دور از نور مستقیم، جای خشک و خنک و دمای حدود ۲۰ تا ۳۰ درجه سانتی‌گراد,در معرض نور مستقیم خورشید بالای ۴۰ درجه,در محیط بسیار مرطوب حمام,B,مستند قید می‌کند باقی محلول دور از نور مستقیم و در دمای ۲۰ تا ۳۰ درجه نگهداری شود.
10,آیس بال (Ice Ball),ICE BALL,سخت و فنی,در صورت بروز کدام علائم بالینی در حین استفاده از آیس بال، مصرف محصول باید فوراً متوقف شود؟,حس طراوت و شادابی اولیه,کاهش موقت پف صورت,سوزش شدید، بی‌حسی غیرعادی یا قرمزی پایدار,احساس خنکی خفبف طی ۲ دقیقه,C,بر اساس هشدارهای ضروری، در صورت سوزش، بی‌حسی غیرعادی یا قرمزی پایدار مصرف فوراً قطع می‌شود.
11,ست آبرسان فورمی (4ME),4ME HYDRATION THERAPY,ساده,منطق اصلی دو محصولی بودن ست آبرسان 4ME (سرم + کرم) چیست؟,سرم برای شست‌وشو و کرم برای ضدآفتاب,سرم آبرسانی را آغاز کرده و کرم رطوبت را روی پوست قفل/حفظ می‌کند.,هر دو محصول یک ترکیب یکسان دارند و صرفاً حجمشان متفاوت است.,کرم برای لایه‌برداری و سرم برای تسکین درد است.,B,سرم وظیفه رساندن رطوبت به لایه‌ها را دارد و کرم سد محافظ جهت جلوگیری از تبخیر آب ایجاد می‌کند.
12,ست آبرسان فورمی (4ME),4ME HYDRATION THERAPY,ساده,سه روش استفاده از ست 4ME که مفهوم Mix & Match را شکل می‌دهند کدامند؟,روزانه، هفتگی، ماهانه,جداگانه، لایه‌ای (Layering) و میکس روی سطح کرم (Surface Mix),فقط مخلوط با آب، مخلوط با شوینده، مخلوط با روغن,ماساژ گرم، ماساژ سرد، بخور,B,سه روش کاربردی شامل جداگانه، لایه‌ای و میکس قطرات سرم روی سطح کرم است.
13,ست آبرسان فورمی (4ME),4ME HYDRATION THERAPY,متوسط,میزان ماندگاری ادعاشده حفظ رطوبت پوست در ست 4ME چقدر ذکر شده است؟,۱۲ ساعت,۲۴ ساعت,تا ۱۰۰ ساعت بر اساس ادعای محصول,صرفاً ۱۰ دقیقه,C,در راهنما صراحتاً ادعای حفظ رطوبت تا ۱۰۰ ساعت ذکر گردیده است.
14,ست آبرسان فورمی (4ME),4ME HYDRATION THERAPY,متوسط,تعداد قطرات پیشنهادی سرم 4ME برای مخلوط کردن روی سطح کرم یا استفاده لایه‌ای چقدر است؟,۱۰ قطره کاملاً غرقاب,حدود ۳ قطره سرم,نصف شیشه سرم,یک قطره برای کل بدن,B,راهنمای مصرف، استفاده از حدود ۳ قطره سرم را برای دوز بهینه پیشنهاد می‌کند.
15,ست آبرسان فورمی (4ME),4ME HYDRATION THERAPY,متوسط,نحوه آماده‌سازی پوست قبل از زدن کرم و سرم 4ME برای ماندگاری آرایش چگونه است؟,بلافاصله روی سرم خیس آرایش انجام شود.,کرم زده شود و تا جذب مناسب صبر گردد؛ روی سرم خیس آرایش نشود.,قبل از زدن ست، پوست با صابون بسیار قوی کاملاً خشک شود.,سرم و کرم بعد از پنکیک استفاده شوند.,B,مستند تاکید می‌کند باید صبر کرد تا محصول جذب شود و بلافاصله روی سرم خیس آرایش نشود.
16,ست آبرسان فورمی (4ME),4ME HYDRATION THERAPY,سخت و فنی,بر اساس جدول زمانی مستند 4ME، بهبود ظاهر «الاستیسیته (کشسانی)» و اثر «پلامپینگ (پرتر دیده شدن)» به ترتیب از چه زمانی انتظار می‌رود؟,از روز اول و هفته دوم,الاستیسیته از حدود هفته چهارم و پلامپینگ از حدود هفته ششم (با مصرف منظم),هر دو دقیقاً از هفته دوم مصرف,الاستیسیته از هفته هشتم و پلامپینگ از ماه سوم,B,در راهنما آمده است: بهبود ظاهر کشسانی از حدود هفته چهارم و پلامپینگ از حدود هفته ششم.
17,ست آبرسان فورمی (4ME),4ME HYDRATION THERAPY,سخت و فنی,نقش هومکتانت‌ها (Humectants) و عوامل نرم‌کننده موجود در کرم 4ME در لایه شاخی پوست چیست؟,تجزیه سلول‌های زنده و لایه‌برداری عمیق,پشتیبانی از ذخیره آب در لایه شاخی و ایجاد لایه محافظ برای کاهش تبخیر سطحی,انسداد کامل منافذ و ایجاد آکنه,ایجاد گرمای موضعی برای افزایش گردش خون,B,هومکتانت‌ها ذخیره آب در لایه شاخی را پشتیبانی کرده و نرم‌کننده‌ها تبخیر رطوبت را کاهش می‌دهند.
18,ست آبرسان فورمی (4ME),4ME HYDRATION THERAPY,سخت و فنی,در صورت تمایل مشتری به ترکیب ست 4ME با سرم‌های دیگر در روتین شخصی، چه شرط فنی باید رعایت شود؟,هیچ محدودیتی وجود ندارد و با هر ماده‌ای قابل ترکیب است.,محدودیت و تداخل اکتیوهای محصول دوم (نظیر اسیدهای قوی یا رتینول بالا) باید رعایت شود.,فقط باید با محصول گرم‌کننده ترکیب شود.,ترکیب با هر محصول دیگری ممنوع است.,B,محصول اصولاً برای Mix & Match طراحی شده اما محدودیت اکتیوهای محصول دوم باید لحاظ گردد.
19,ست آبرسان فورمی (4ME),4ME HYDRATION THERAPY,سخت و فنی,توصیه راهنما در مورد مصرف ست 4ME برای افراد دارای «آکنه شدید» یا «پوست بسیار حساس» چیست؟,محصول درمان قطعی آکنه شدید است و باید روزی ۵ بار استفاده شود.,فرمول جوش‌زا معرفی نشده، اما در آکنه شدید نظر پزشک اولویت دارد و برای پوست حساس تست پچ الزامی است.,استفاده از آن برای افراد دارای پوست حساس کاملاً ممنوع است.,باید با پد گرم‌کننده استفاده شود.,B,فرمول غیرجوش‌زا است اما در موارد آکنه شدید نظر پزشک اولویت داشته و انجام تست پچ توصیه می‌شود.
20,ست آبرسان فورمی (4ME),4ME HYDRATION THERAPY,سخت و فنی,پاسخ صحیح به مشتری دارای پوست چرب که نگران سنگین بودن کرم 4ME است چیست؟,کرم را کلاً دور بریزد و فقط سرم را استفاده کند.,مقدار کرم قابل تنظیم است و می‌توان سرم را سبک‌تر مصرف کرد؛ واکنش پوست معیار نهایی تنظیم دوز است.,کرم برای پوست چرب باعث جوش‌های خیم خواهد شد.,حتماً باید همراه با روغن بدن استفاده شود.,B,انعطاف‌پذیری دوز مصرفی اجازه می‌دهد افراد با پوست چرب مقدار کرم را کاهش داده و سرم را ترجیح دهند.
21,کرم گرم‌کننده آتل (ATL),ATL QUICK FIX,ساده,حجم کرم آتل (ATL) چقدر است و هدف اصلی طراحی آن چیست؟,۲۱۲ میلی‌لیتر - آبرسانی صورت,۷۵ میلی‌لیتر - گرمای موضعی کنترل‌شده برای تسکین خستگی و گرفتگی عضلانی سبک زندگی مدرن,۲۰ میلی‌لیتر - دور چشم,۱۱۰ میلی‌لیتر - ماساژ سلولیت,B,آتل در حجم ۷۵ میلی‌لیتر برای ایجاد گرمای موضعی و تسکین گرفتگی‌های عضلانی گردن، شانه و کمر طراحی شده است.
22,کرم گرم‌کننده آتل (ATL),ATL QUICK FIX,ساده,زمان تقریبی شروع احساس گرمای موضعی و آرامش در کرم آتل چقدر است؟,بلافاصله در ۱ ثانیه,حدود ۵ دقیقه پس از ماساژ,بعد از ۲ ساعت,دقیقاً ۲۴ ساعت بعد,B,شروع احساس گرما و آرامش موضعی معمولاً در حدود ۵ دقیقه آغاز می‌شود.
23,کرم گرم‌کننده آتل (ATL),ATL QUICK FIX,متوسط,دوره مصرف پیشنهادی کرم آتل برای دردهای مقطعی و دردهای مزمن مرتبط با سبک زندگی به ترتیب چقدر است؟,مقطعی: ۱ روز / مزمن: ۱ سال,مقطعی: ۳ تا ۵ روز / مزمن: تا ۱۴ روز,مقطعی: ۱۰ روز / مزمن: ۳ ماه,بدون محدودیت زمانی به صورت دائمی,B,راهنما برای دردهای مقطعی ۳ تا ۵ روز و برای دردهای مزمن مرتبط با سبک زندگی تا ۱۴ روز مصرف را قید کرده است.
24,کرم گرم‌کننده آتل (ATL),ATL QUICK FIX,متوسط,حداکثر دفعات استفاده روزانه از کرم آتل و فاصله زمانی بین آن‌ها چقدر است؟,هر ساعت یک بار (۲۴ بار در روز),روزانه ۳ بار با فاصله حدود ۸ ساعت,فقط یک بار در هفته,روزانه ۱۰ بار بدون فاصله,B,طبق اطلاعات محصول، روزانه ۳ بار با فاصله حدود ۸ ساعت قابل استفاده است.
25,کرم گرم‌کننده آتل (ATL),ATL QUICK FIX,متوسط,کدام اقدام بلافاصله پس از ماساژ دادن کرم آتل بر روی ناحیه درد الزامی است؟,مالیدن دست به چشم‌ها جهت بررسی سوزش,شستن کامل دست‌ها جهت جلوگیری از تماس دست آغشته با چشم و مخاط,بستن محکم ناحیه با بانداژ پلاستیکی,قرار گرفتن زیر دوش بسیار گرم,B,پس از مصرف شستن دست‌ها الزامی است تا از تماس دست آغشته با چشم و مخاط جلوگیری شود.
26,کرم گرم‌کننده آتل (ATL),ATL QUICK FIX,سخت و فنی,عامل اصلی ایجاد گرمای موضعی کنترل‌شده در فرمولاسیون آتل چه نام دارد و ترکیبات گیاهی مکمل آن کدامند؟,ترموالت (Thermoalat) - آرنیکا، زردچوبه (کورکومین) و ترکیب الهام‌گرفته از تخم‌مرغ,منتول - عصاره نعناع و ماچا,کپسایسین خالص - اوره و جوش شیرین,هیدروکینون - نیاسینامید,A,عامل گرم‌کننده ترموالت است که در کنار آرنیکا، زردچوبه (کورکومین) و سنت سنتی تخم‌مرغ عمل می‌کند.
27,کرم گرم‌کننده آتل (ATL),ATL QUICK FIX,سخت و فنی,پاسخ مسئولانه و تکنیکال فروشنده به مشتری که می‌پرسد «آیا آتل دیسک گردن یا کمر را درمان می‌کند؟» چیست؟,بله، آتل دیسک را کاملاً جا می‌اندازد و نیاز به فیزیوتراپی ندارد.,محصول جایگزین تشخیص یا درمان مشکلات ساختاری مثل دیسک نیست و فقط برای تسکین درد عضلانی موضعی است.,خیر، آتل فقط برای پوست صورت است.,بله، اگر با کمپرس گرم استفاده شود دیسک را درمان می‌کند.,B,راهنما تاکید می‌کند فروشنده نباید وعده درمان مشکلات ساختاری دهد و آن را تسکین موضعی عضلانی معرفی کند.
28,کرم گرم‌کننده آتل (ATL),ATL QUICK FIX,سخت و فنی,چرا استفاده هم‌زمان کرم آتل با «پد گرم‌کننده، بانداژ محکم یا حمام بسیار گرم» ممنوع است؟,چون باعث خنک شدن سریع محصول می‌شود.,برای پیشگیری از ایجاد گرمای بیش از حد، سوختگی پوستی، تاول یا التهاب شدید,چون بویش را از بین می‌برد.,هیچ منع مصرفی ندارد و اتفاقاً توصیه می‌شود.,B,استفاده هم‌زمان با وسایل حرارتی دیگر خطر گرمای بیش از حد و آسیب پوستی ایجاد می‌کند.
29,کرم گرم‌کننده آتل (ATL),ATL QUICK FIX,سخت و فنی,مفهوم عارضه Tech Neck که یکی از مخاطبان اصلی کرم آتل هستند چیست؟,درد پا ناشی از دویدن روی تردمیل,خستگی و درد عضلات گردن و شانه ناشی از خم بودن طولانی سر مقابل موبایل و لپ‌تاپ,عفونت قارچی ناشی از گوشی تلفن,حساسیت پوستی به هندزفری,B,عارضه Tech Neck ناشی از وضعیت نامناسب سر و گردن هنگام کار با ابزارهای دیجیتال است.
30,کرم گرم‌کننده آتل (ATL),ATL QUICK FIX,سخت و فنی,در صورت بروز کدام علائم در فرد مصرف‌کننده آتل، ارجاع فوری به پزشک الزامی است؟,گرمای ملایم پس از ۵ دقیقه,احساس آرامش در عضلات شانه,درد شدید، بی‌حسی، ضعف اندام، تورم یا آسیب حاد,کاهش گرفتگی پس از ۳ روز,C,وجود علائمی مثل بی‌حسی، ضعف اندام یا تورم نشان‌دهنده مشکلات جدی‌تر بوده و نیازمند بررسی پزشکی است.
31,فوم شست‌وشوی بابل (Ice Bubble),ICE BUBBLE,ساده,نوع بافت شوینده بابل (Ice Bubble) چیست و برای چه انواعی از پوست مناسب‌تر است؟,ژل بسیار غلیظ - پوست‌های خیلی چرب و آکنه‌ای,فوم ابری و آماده - پوست‌های نرمال و حساس,صادون جامد سخت - خشک و فلس‌دار,کرم سنگین - پوست پاشنه پا,B,آیس بابل یک فوم آماده و سبک با بافت ابری برای پاکسازی ملایم پوست‌های نرمال و حساس است.
32,فوم شست‌وشوی بابل (Ice Bubble),ICE BUBBLE,ساده,زمان ماساژ پیشنهادی فوم بابل روی صورت چقدر است؟,۵ دقیقه فشار سنگین,حدود ۳۰ تا ۶۰ ثانیه با نوک انگشتان و بدون فشار,بلافاصله در ۱ ثانیه شسته شود بدون ماساژ,۱۰ دقیقه رها کردن فوم خشک روی صورت,B,راهنما ۳۰ تا ۶۰ ثانیه ماساژ ملایم با نوک انگشتان را پیشنهاد می‌دهد.
33,فوم شست‌وشوی بابل (Ice Bubble),ICE BUBBLE,متوسط,فناوری میسلار (Micellar) در فوم بابل چگونه آلودگی‌ها را از روی پوست می‌زداید؟,با ایجاد اصطکاک شدید و خراش دادن سطح پوست,میسل‌ها دارای بخش چربی‌دوست (اتصال به سبوم و آلودگی) و آب‌دوست (شست‌وشو با آب) هستند.,با سوزاندن شیمیایی چربی‌های سطح پوست,با مسدود کردن منافذ پوستی,B,ساختار دوگانه آب‌دوست و چربی‌دوست میسل‌ها امکان پاکسازی ملایم بدون مالش شدید را فراهم می‌کند.
34,فوم شست‌وشوی بابل (Ice Bubble),ICE BUBBLE,متوسط,توصیه راهنما برای پاک کردن «آرایش‌های سنگین و ضدآب» با فوم بابل چیست؟,فوم بابل به تنهایی ۱۰ بار پشت سر هم زده شود.,ابتدا از پاک‌کننده تخصصی آرایش استفاده شده و سپس فوم بابل به عنوان مرحله دوم پاکسازی به کار رود.,فوم بابل توانایی پاک کردن آرایش ضدآب را ندارد و نباید خریده شود.,فوم با آب داغ ۹۰ درجه مخلوط شود.,B,برای آرایش سنگین، استفاده از پاک‌کننده اختصاصی در مرحله اول و فوم بابل در مرحله دوم (Double Cleansing) توصیه شده است.
35,فوم شست‌وشوی بابل (Ice Bubble),ICE BUBBLE,متوسط,روش مصرف پیشنهادی خاص فوم بابل برای جمع‌آوری بهتر آلودگی‌ها چیست؟,پخش کردن فوم ابتدا روی پوست خشک و سپس ماساژ دادن,مخلوط کردن فوم با روغن زیتون,استفاده از اسکپ سخت فلزی,ترکیب با الکل ۷۰ درصد,A,طبق راهنمای محصول، می‌توان فوم را ابتدا روی پوست خشک ماساژ داد تا آلودگی‌ها بهتر جمع شوند.
36,فوم شست‌وشوی بابل (Ice Bubble),ICE BUBBLE,سخت و فنی,دو ترکیب فعال شاخص موجود در فوم بابل شامل پانتنول و گلوتاتیون به ترتیب چه نقشی دارند؟,پانتنول: مرطوب‌کننده و تقویت سد دفاعی / گلوتاتیون: آنتی‌اکسیدان و کمک به شفاف‌تر دیده شدن پوست,پانتنول: لایه‌بردار اسیدی / گلوتاتیون: ایجاد کننده کف,پانتنول: گرم‌کننده / گلوتاتیون: بی‌حس‌کننده,پانتنول: ضدقارچ / گلوتاتیون: ضدعرق,A,پانتنول خنثی‌کننده خشکی و پشتیبان سد دفاعی است و گلوتاتیون آنتی‌اکسیدانی برای شفافیت ظاهر پوست است.
37,فوم شست‌وشوی بابل (Ice Bubble),ICE BUBBLE,سخت و فنی,پاسخ دقیق فروشنده به مشتری که می‌پرسد «آیا گلوتاتیون موجود در فوم بابل لک‌های من را درمان می‌کند؟» چیست؟,بله، تمام لک‌های عمیق را در ۳ روز محو می‌کند.,گلوتاتیون به شفافیت ظاهر کمک می‌کند اما شوینده زمان تماس کوتاهی دارد و نباید با درمان‌های تخصصی لک مقایسه شود.,خیر، گلوتاتیون فقط برای معطر کردن فوم است.,بله، اگر فوم ۱ ساعت روی صورت بماند.,B,فروشنده باید توضیح دهد که زمان تماس شوینده کوتاه است و نباید ادعای درمان قطعی لک مطرح شود.
38,فوم شست‌وشوی بابل (Ice Bubble),ICE BUBBLE,سخت و فنی,علت اصلی این که پس از شست‌وشو با فوم بابل احساس کشیدگی و زبری روی پوست ایجاد نمی‌شود چیست؟,وجود چربی‌های سنگین صنعتی در فرمول,حفظ سد دفاعی پوست به دلیل عدم استفاده از شوینده‌های تهاجمی و حضور پانتنول و سیستم میسلار ملایم,عدم پاک شدن چربی‌ها و کثیف ماندن صورت,وجود الکل بالای فرمولاسیون,B,فرمولاسیون میسلار ملایم و پانتنول از چربی‌های ضروری سد دفاعی محافظت می‌کنند.
39,فوم شست‌وشوی بابل (Ice Bubble),ICE BUBBLE,سخت و فنی,توصیه راهنما برای فردی با «پوست بسیار خشک» که تمایل به استفاده از فوم بابل دارد چیست؟,مصرف کاملاً ممنوع است.,دفعات شست‌وشو و مقدار محصول کاهش یابد و بلافاصله مرطوب‌کننده مناسب استفاده شود.,فوم با داغ‌ترین آب ممکن شسته شود.,روزانه ۵ بار صورت خود را بشوید.,B,راهنما کاهش دوز/دفعات و استفاده سریع از مرطوب‌کننده را برای پوست‌های خیلی خشک پیشنهاد می‌دهد.
40,فوم شست‌وشوی بابل (Ice Bubble),ICE BUBBLE,سخت و فنی,کدام عامل در هنگام شست‌وشو با فوم بابل می‌تواند خشکی و حساسیت پوستی را افزایش دهد؟,استفاده از آب ولرم,استفاده از آب داغ و ماساژ شدید دست روی صورت,خشک کردن ضربه‌ای با حوله نرم,زدن آبرسان بعد از شست‌وشو,B,در بخش احتیاط اشاره شده که آب داغ و ماساژ شدید باعث تشدید حساسیت و خشکی می‌شوند.
41,کرم ترک پا ویتاس (With Us),WITH US,ساده,ویژگی منحصر‌به‌فرد بسته‌بندی و نحوه اعمال کرم ترک پا ویتاس (With Us) چیست؟,پمپ افشانه برای کل بدن,اپلیکاتور تمیز بدون تماس مستقیم دست,قوطی شیشه‌ای بدون قاشقک,قطره‌چکان مدرج,B,اپلیکاتور خاص آن امکان استفاده مستقیم، هدفمند و تمیز را بدون آلوده شدن دست‌ها فراهم می‌سازد.
42,کرم ترک پا ویتاس (With Us),WITH US,ساده,حجم محصول ویتاس چقدر است و برنامه مراقبتی اولیه ادعاشده آن چند روزه است؟,۲۱۲ میلی‌لیتر - ۳۰ روزه,۷۵ میلی‌لیتر - برنامه مراقبتی هفت روزه (۷ روز),۲۰ میلی‌لیتر - ۱ روزه,۱۱۰ میلی‌لیتر - ۳ ماهه,B,محصول در حجم ۷۵ میلی‌لیتر با برنامه مراقبتی ۷ روزه ارائه شده است.
43,کرم ترک پا ویتاس (With Us),WITH US,متوسط,بهترین زمان استفاده از کرم ترک پا ویتاس و اقدام مکمل پس از آن چیست؟,صبح‌ها قبل از دویدن بدون کفش,شب‌ها قبل از خواب و پوشیدن جوراب نخی روی آن,وسط روز در حمام,بلافاصله قبل از رفتن به استخر,B,بهترین زمان مصرف شب است و پوشیدن جوراب نخی به ماندگاری و اثرگذاری بیشتر کمک می‌کند.
44,کرم ترک پا ویتاس (With Us),WITH US,متوسط,درصد بهبود ادعاشده در ارزیابی اعلام‌شده کرم ویتاس تا چه میزانی ذکر شده است؟,۵۰٪,تا ۹۷٪ (با تاکید بر این که نتیجه فردی متفاوت است),۱۰۰٪ تضمینی برای همه,۱۰٪,B,در راهنما ادعای بهبود تا ۹۷٪ در ارزیابی اعلام شده قید گردیده است.
45,کرم ترک پا ویتاس (With Us),WITH US,متوسط,برنامه نگهداری نرمی پوست پاشنه پس از بهبود اولیه در هفته اول چگونه است؟,قطع کامل مصرف برای همیشه,ادامه مصرف به میزان ۲ تا ۳ بار در هفته,افزایش مصرف به روزی ۱۰ بار,جایگزینی با آیس بال,B,پس از بهبود اولیه در هفته اول، برای نگهداری نرمی ۲ تا ۳ بار مصرف در هفته توصیه می‌شود.
46,کرم ترک پا ویتاس (With Us),WITH US,سخت و فنی,مکانیسم علمی «اوره» (Urea) به عنوان ماده موثره اصلی در کرم ویتاس چیست؟,ایجاد لایه چرب غیرقابل نفوذ روی پوست,جذب رطوبت، نرم کردن پوست ضخیم و کمک به جدا شدن تدریجی سلول‌های مرده و خشک (کراتولیتیک ملایم),سوزاندن لایه‌های زنده پوست,تغییر رنگ پوست پاشنه به سفید,B,اوره هم هومکتانت است و هم با خاصیت نرم‌کنندگی به جدا شدن سلول‌های مرده لایه کلفت پاشنه کمک می‌کند.
47,کرم ترک پا ویتاس (With Us),WITH US,سخت و فنی,نقش ترکیبات جانبی شامل «جوش شیرین» و «روغن درخت چای» در فرمول کرم ویتاس چیست؟,جوش شیرین: کنترل بوی ناخوشایند / روغن درخت چای: ایجاد حس پاکیزگی، تازگی و خواص آنتی‌باکتریال,جوش شیرین: ایجاد گرما / روغن درخت چای: لایه‌برداری شدید,هر دو برای معطر کردن صنعتی هستند.,جوش شیرین: رنگ‌دهی / درخت چای: ایجاد کف,A,جوش شیرین به کنترل بوی ناخوشایند پا کمک کرده و درخت چای حس تازگی و پاکیزگی ایجاد می‌کند.
48,کرم ترک پا ویتاس (With Us),WITH US,سخت و فنی,کدام شرایط بالینی در پا صراحتاً از موارد منع مصرف کرم ویتاس بوده و نیاز به ارزیابی پزشکی دارد؟,خشکی ساده پاشنه,ترک‌های عمیق خونریزی‌دهنده، زخم باز، پوست عفونی یا پای دیابتی,پوسته ریزی خفیف در زمستان,زبری سطح پاشنه,B,روی ترک‌های خونریزی‌دهنده، زخم باز، عفونت و پای دیابتی مصرف خودسرانه ممنوع است.
49,کرم ترک پا ویتاس (With Us),WITH US,سخت و فنی,هشدار مهم درباره استفاده از کرم ویتاس در «فضای بین انگشتان پا» چیست؟,باید به مقدار زیاد بین انگشتان زده شود.,در صورت وجود رطوبت مداوم بین انگشتان، برای جلوگیری از مaceration (له‌شدگی بافتی) خودداری شود.,بین انگشتان باید با اسکاچ شسته شود.,هیچ محدودیتی ندارد.,B,در هشدارهای راهنما صراحتاً قید شده که در صورت رطوبت مداوم بین انگشتان از مصرف کرم خودداری شود.
50,کرم ترک پا ویتاس (With Us),WITH US,سخت و فنی,پاسخ صحیح به اعتراض مشتری که می‌پرسد «آیا کرم ویتاس قارچ پای من را درمان می‌کند؟» چیست؟,بله، داروی قوی ضدقارچ است.,این محصول مراقبت از ترک و خشکی است و جایگزین داروی تخصصی ضدقارچ نیست.,بله، اگر با آب داغ استفاده شود.,خیر، چون اصلاً برای پا ساخته نشده.,B,راهنما تاکید دارد که محصول مرطوب‌کننده و ترمیم‌کننده خشکی است و جایگزین درمان‌های دارویی قارچ نیست.
51,روغن بدن زن (Zen Body Oil),ZEN BODY OIL,ساده,حجم روغن بدن زن (Zen) چقدر است و کاربرد اصلی آن برای چه مواردی معرفی شده است؟,۲۰ میلی‌لیتر - شست‌وشوی صورت,۱۱۰ میلی‌لیتر - روغن چندمنظوره برای ترک‌های پوستی (استرچ مارک)، اسکار، خشکی و ظاهر سلولیت,۲۱۲ میلی‌لیتر - ماساژ یخ,۷۵ میلی‌لیتر - گرم‌کنندگی عضلات,B,روغن زن در حجم ۱۱۰ میلی‌لیتر برای ترک‌های پوستی، اسکار، خشکی، سلولیت و بارداری طراحی شده است.
52,روغن بدن زن (Zen Body Oil),ZEN BODY OIL,ساده,بهترین زمان مصرف روغن زن برای رفع خشکی بدن جهت دریافت بیشترین میزان جذب چیست؟,روی پوست کاملاً خشک و خاکی,بلافاصله پس از حمام، زمانی که پوست هنوز اندکی نم دارد,قبل از رفتن به سونا,روی پوست کثیف,B,مصرف مقدار کمی روغن روی پوست نم‌دار پس از حمام بهترین تجربه جذب و نرمی را ایجاد می‌کند.
53,روغن بدن زن (Zen Body Oil),ZEN BODY OIL,متوسط,پنج ترکیب اصلی و شاخص موجود در روغن بدن زن کدامند؟,اوره، جوش شیرین، درخت چای، آرنیکا و ترموالت,روغن مورینگا، روغن رز، کالاندولا، روغن آرگان و ویتامین E,کلاژن، ماچا، پانتنول، گلوتاتیون و هیالورونیک اسید,نیاسینامید، رتینول، آربوتین، سرامید و زردچوبه,B,ترکیبات شاخص شامل روغن‌های گیاهی مورینگا، رز، کالاندولا، آرگان و ویتامین E است.
54,روغن بدن زن (Zen Body Oil),ZEN BODY OIL,متوسط,نحوه ماساژ پیشنهادی روغن زن برای بهبود ظاهر سلولیت روی ران و باسن چگونه است؟,حرکات ضربه‌ای شدید به سمت پایین,همراه ماساژ منظم رو به بالا روی ران و باسن,بدون ماساژ و فقط اسپری کردن,ماساژ چرخشی با لایه‌بردار سخت,B,راهنما ماساژ منظم رو به بالا روی ران و باسن را برای بهبود ظاهر سلولیت پیشنهاد می‌کند.
55,روغن بدن زن (Zen Body Oil),ZEN BODY OIL,متوسط,میزان درصد ادعاشده بهبود ظاهر ترک‌ها و اسکارها در اطلاعات محصول روغن زن چقدر است؟,۵۰٪,ادعای ۹۳٪ بهبود ظاهر (با قید این که نتیجه به سن و عمق ضایعه وابسته است),۱۰۰٪ پاک شدن کامل,۲۰٪,B,ادعای ۹۳٪ بهبود ظاهر ترک‌ها و اسکارها در راهنما قید شده است.
56,روغن بدن زن (Zen Body Oil),ZEN BODY OIL,سخت و فنی,نقش اختصاصی «روغن رز» و «کالاندولا» در فرمولاسیون روغن زن چیست؟,رز: بازسازی ظاهر پوست و یکنواخت‌تر دیده شدن خطوط و اسکار / کالاندولا: آرام‌بخش پوست خشک و حساس,رز: ایجاد گرما / کالاندولا: لایه‌برداری اسیدی,رز: خنک‌کننده / کالاندولا: ضدعرق,هر دو صرفاً معطرکننده صنعتی هستند.,A,روغن رز به بازسازی ظاهر اسکار و خطوط کمک کرده و کالاندولا ترکیب گیاهی آرام‌بخش است.
57,روغن بدن زن (Zen Body Oil),ZEN BODY OIL,سخت و فنی,توصیه صریح راهنما درباره استفاده از روغن زن روی «اسکار و جای زخم» چیست؟,بلافاصله روی زخم تازه و خونریزی‌دهنده زده شود.,فقط پس از بسته شدن کامل زخم و با تایید پزشک در اسکار جراحی استفاده شود.,روی زخم‌های بخیه‌شده خیس ماساژ داده شود.,استفاده روی اسکار کلاً ممنوع است.,B,استفاده روی اسکار صرفاً پس از بسته شدن کامل زخم و تایید پزشک مجاز است.
58,روغن بدن زن (Zen Body Oil),ZEN BODY OIL,سخت و فنی,شرایط استفاده از روغن زن در «دوران بارداری» و احتیاط‌های آن طبق مستند چیست؟,استفاده در بارداری کاملاً ممنوع است.,از ماه‌های ابتدایی روی شکم، پهلو و ران با فشار ملایم قابل استفاده است؛ در بارداری پرخطر هماهنگی با پزشک الزامی است.,فقط در ماه نهم بارداری با فشار سنگین استفاده شود.,جایگزین تمام داروهای بارداری است.,B,از ماه‌های اول با فشار ملایم قابل استفاده است اما در بارداری‌های پرخطر نظر پزشک مقدم است.
59,روغن بدن زن (Zen Body Oil),ZEN BODY OIL,سخت و فنی,کلید فروش مسئولانه روغن زن برای فروشندگان چیست؟,فروش به عنوان «درمان قطعی و پاک‌کننده ۱۰۰٪ ترک»,فروش به عنوان «روتین چندمنظوره برای تغذیه، افزایش انعطاف و بهبود ظاهر پوست» بدون ادعای حذف کامل,ادعای معجزه در ۲۴ ساعت,فروش به جای داروی تزریقی سلولیت,B,راهنما تاکید می‌کند روغن نباید به عنوان درمان قطعی معرفی شود بلکه روتینی برای افزایش انعطاف و بهبود ظاهر است.
60,روغن بدن زن (Zen Body Oil),ZEN BODY OIL,سخت و فنی,احتیاط لازم هنگام استفاده از روغن زن برای «یوگای صورت» چیست؟,استفاده از مقدار زیاد روغن داخل چشم,استفاده از چند قطره برای کاهش اصطکاک با رعایت احتیاط در پوست‌های مستعد جوش و پرهیز از تماس با چشم,ترکیب روغن با الکل قبل از یوگای صورت,ماساژ صورت به مدت ۲ ساعت مداوم,B,چند قطره جهت کاهش اصطکاک مناسب است اما در پوست‌های آکنه‌ای و اطراف چشم باید احتیاط شود.
61,فیلر شات دارت (DART Filler Shot),DART FILLER SHOT,ساده,حجم محصول فیلر شات دارت (DART) چقدر است و مشخصه اصلی اپلیکاتور و بسته‌بندی آن چیست؟,۷۵ میلی‌لیتر - پمپ اسپری,۲۰ میلی‌لیتر - تیوپ سرباریک برای استفاده نقطه‌ای و دقیق روی خطوط,۱۱۰ میلی‌لیتر - قطره‌چکان شیشه‌ای,۲۱۲ میلی‌لیتر - قالب سیلیکونی,B,فیلر شات دارت یک کرم/کمپلکس ۲۰ میلی‌لیتری با تیوپ سرباریک برای هدف‌گیری نقطه‌ای خطوط است.
62,فیلر شات دارت (DART Filler Shot),DART FILLER SHOT,ساده,هدف اصلی و پیام محوری از طراحی محصول فیلر شات دارت (DART) چیست؟,پاکسازی عمیق منافذ و لایه‌برداری فیزیکی صورت,ضدچروک موضعی و آبرسان هدفمند برای خطوط صورت و گردن (Tech Neck),ایجاد گرمای موضعی برای تسکین دردهای عضلانی,ترمیم ترک‌های عمیق پاشنه پا,B,دارت یک محصول موضعی ضدچروک و آبرسان برای هدف‌گیری خطوط و چروک‌های صورت و گردن است.
63,فیلر شات دارت (DART Filler Shot),DART FILLER SHOT,متوسط,بر اساس مستند راهنما، نتایج قابل مشاهده فیلر شات دارت طبق اطلاعات بسته‌بندی طی چه بازه زمانی دیده می‌شود و برای چه گروه‌های سنی مناسب است؟,طی ۲۴ ساعت اول - فقط برای افراد بالای ۶۰ سال,طی حدود ۲ تا ۴ هفته - برای افراد از دهه ۲۰ تا ۵۰ زندگی (از خطوط اولیه تا چروک‌های واضح‌تر),دقیقاً بعد از ۳ ماه - فقط برای دهه ۳۰ زندگی,نیازمند ۶ ماه مصرف مداوم - صرفاً برای سنین زیر ۲۰ سال,B,نتایج طبق بسته‌بندی طی ۲ تا ۴ هفته مشخص می‌شود و برای دهه ۲۰ تا ۵۰ زندگی طراحی شده است.
64,فیلر شات دارت (DART Filler Shot),DART FILLER SHOT,متوسط,دو ترکیب Palmitoyl Tetrapeptide-7 و Ceramide NP در فرمولاسیون فیلر شات دارت به ترتیب چه نقشی بر عهده دارند؟,لایه‌برداری اسیدی - کنترل چربی و ایجاد کف,پپتید ضدپیری برای کاهش ظاهر چروک‌ها - کمک به بازسازی سد دفاعی پوست,ایجاد گرمای موضعی - خنک‌سازی پوست,کنترل بوی ناخوشایند - پاکسازی میسلار,B,پپتید تتراپپتید-۷ ضدپیری و کاهنده چروک است و سرامید NP به بازسازی سد دفاعی پوست کمک می‌کند.
65,فیلر شات دارت (DART Filler Shot),DART FILLER SHOT,متوسط,فیلر شات دارت دقیقاً برای کدام نواحی حاوی خطوط ریز و چروک در صورت و گردن طراحی شده است؟,صرفاً لبه خارجی لب‌ها و کف پا,خطوط پیشانی، خط اخم، پنجه‌کلاغی، خطوط خنده و لبخند، خطوط نازولبیال و خطوط گردن (Tech Neck),صرفاً داخل حدقه چشم,فقط ران و باسن برای سلولیت,B,مستند صراحتاً خطوط پیشانی، اخم، پنجه‌کلاغی، خنده، نازولبیال و خطوط گردن را نواحی هدف می‌داند.
66,فیلر شات دارت (DART Filler Shot),DART FILLER SHOT,سخت و فنی,نقش ترکیب اختصاصی «هیالورونیک اسید 250 kDa و AURORA» در فرمولاسیون دارت چیست؟,لایه‌برداری آنزیمی فوق‌العاده قوی سطحی,آبرسانی هدفمند و کمک به حفظ رطوبت در ابعاد مولکولی مشخص برای پرتر و نرم‌تر نشان دادن خطوط,ایجاد بالشتک چربی غیرقابل جذب صنعتی,خنثی‌سازی کامل اثر سایر اکتیوها,B,هیالورونیک اسید با وزن مولکولی ۲۵۰ کیلودالتون و آورورا آبرسانی و حفظ رطوبت را در عمق مناسب انجام می‌دهند.
67,فیلر شات دارت (DART Filler Shot),DART FILLER SHOT,سخت و فنی,حضور هم‌زمان «رتینول» در کنار «نیاسینامید و آلفا آربوتین» در فیلر شات دارت چه اثر مکملی ایجاد می‌کند؟,رتینول به نوسازی پوست و ساخت کلاژن کمک کرده و نیاسینامید و آلفا آربوتین به شفافیت و یکنواختی رنگ پوست کمک می‌کنند.,رتینول باعث لایه‌برداری عمیق حاد شده و آربوتین چربی پوست را کاملاً خشک می‌کند.,نیاسینامید رتینول را خنثی می‌کند تا محصول هیچ فعالیتی نداشته باشد.,آلفا آربوتین باعث ایجاد گرمای شدید در پوست می‌شود.,A,رتینول نوسازی و کلاژن‌سازی را تحریک می‌کند و نیاسینامید و آلفا آربوتین شفافیت و یکنواختی رنگ پوست را تکمیل می‌کنند.
68,فیلر شات دارت (DART Filler Shot),DART FILLER SHOT,سخت و فنی,کدام ترکیبات در فیلر شات دارت وظیفه رطوبت‌رسانی، نرمی و محافظت آنتی‌اکسیدانی را در کنار اکتیوهای قوی بر عهده دارند؟,جوش شیرین و اوره ۱۰٪,پانتنول، ویتامین E و آلانتوئین,آرنیکا و زردچوبه,عصاره ماچا و گلوتاتیون,B,پانتنول، ویتامین E و آلانتوئین نرمی، رطوبت‌رسانی و محافظت آنتی‌اکسیدانی را در دارت فراهم می‌کنند.
69,فیلر شات دارت (DART Filler Shot),DART FILLER SHOT,سخت و فنی,الگوی پیشنهادی استفاده از فیلر شات دارت بر اساس مستند برای دهه ۲۰، دهه ۳۰ و دهه ۴۰ به بعد چگونه تفکیک شده است؟,دهه ۲۰: چروک‌های عمیق / دهه ۳۰: افتادگی شدید / دهه ۴۰: پیشگیری اولیه,دهه ۲۰: خطوط اولیه / دهه ۳۰: خطوط ریز / دهه ۴۰ به بعد: چروک‌های واضح‌تر و افت ظاهر سفتی پوست,دهه ۲۰: درمان لک / دهه ۳۰: درمان قارچ / دهه ۴۰: آکنه,صرفاً برای افراد بالای ۵۰ سال کاربرد دارد.,B,در راهنما آمده است: خطوط اولیه در دهه ۲۰، خطوط ریز در دهه ۳۰ و چروک‌های واضح‌تر در دهه ۴۰ به بعد.
70,فیلر شات دارت (DART Filler Shot),DART FILLER SHOT,سخت و فنی,در جمله پیشنهادی ویزیتور برای فروش دارت، ترکیب کدام ۴ اکتیو کلیدی دلیل اثرگذاری بر «صاف‌تر، سفت‌تر و جوان‌تر دیده شدن پوست» عنوان شده است؟,اوره، جوش شیرین، درخت چای و موم,هیالورونیک اسید، پپتید، رتینول و سرامید,آرنیکا، زردچوبه، ترموالت و تخم‌مرغ,پانتنول، گلوتاتیون، میسل و آب,B,جمله ویزیتور صراحتاً ترکیب هیالورونیک اسید، پپتید، رتینول و سرامید را به عنوان دلیل عملکرد عالی معرفی می‌کند.
